{
  "semantic_cosine_similarity": 0.280772864818573,
  "similarity_times_doc_length": 0.10383737832307816,
  "qtype_who": 0.08664742857217789,
  "qtype_when": 0.0861620083451271,
  "document_length": 0.0801563486456871,
  "qtype_how": 0.07580563426017761,
  "qtype_where": 0.041925590485334396,
  "qtype_other": 0.041372593492269516,
  "tfidf_similarity": 0.03493362292647362,
  "normalized_overlap": 0.030837370082736015,
  "bm25_score": 0.030122855678200722,
  "query_length": 0.028739603236317635,
  "token_overlap": 0.027360185980796814,
  "qtype_what": 0.026694534346461296,
  "token_overlap_ratio": 0.024632010608911514,
  "named_entity_count": 0.0,
  "qtype_why": 0.0
}