{
  "train": {
    "classification": {
      "accuracy": 0.802150307186741,
      "precision": 0.5740665584415584,
      "recall": 0.8084012001714531,
      "f1": 0.6713734796796202,
      "auroc": 0.8945159590934288
    },
    "ranking": {
      "mrr": 0.8696837643472877,
      "precision@1": 0.7655379339905701,
      "ndcg@1": 0.7655379339905701,
      "precision@3": 0.32776110872981856,
      "ndcg@3": 0.8959235914569477,
      "precision@5": 0.25,
      "ndcg@5": 0.9031230709961086
    }
  },
  "validation": {
    "classification": {
      "accuracy": 0.7933333333333333,
      "precision": 0.5613207547169812,
      "recall": 0.7933333333333333,
      "f1": 0.6574585635359116,
      "auroc": 0.8788285185185186
    },
    "ranking": {
      "mrr": 0.8568888888888888,
      "precision@1": 0.75,
      "ndcg@1": 0.75,
      "precision@3": 0.3257777777777778,
      "ndcg@3": 0.8836552757119092,
      "precision@5": 0.25,
      "ndcg@5": 0.8934172776949061
    }
  },
  "test": {
    "classification": {
      "accuracy": 0.8021319120586275,
      "precision": 0.573370839193624,
      "recall": 0.8147901399067289,
      "f1": 0.6730875068794716,
      "auroc": 0.8825502814542321
    },
    "ranking": {
      "mrr": 0.8645347546080392,
      "precision@1": 0.7588274483677548,
      "ndcg@1": 0.7588274483677548,
      "precision@3": 0.3262269598045747,
      "ndcg@3": 0.8900378813267393,
      "precision@5": 0.25,
      "ndcg@5": 0.8992195268019884
    }
  },
  "params": {
    "objective": "binary:logistic",
    "eval_metric": "auc",
    "max_depth": 6,
    "learning_rate": 0.1,
    "n_estimators": 100,
    "min_child_weight": 1,
    "subsample": 0.9,
    "colsample_bytree": 0.7,
    "scale_pos_weight": 3,
    "random_state": 42,
    "n_jobs": -1
  }
}