{
  "train": {
    "classification": {
      "accuracy": 0.8281324440209623,
      "precision": 0.6168923734853885,
      "recall": 0.8246784182944259,
      "f1": 0.7058103975535168,
      "auroc": 0.9187995554043409
    },
    "ranking": {
      "mrr": 0.8964586310941719,
      "precision@1": 0.8103858980466889,
      "ndcg@1": 0.8103858980466889,
      "precision@3": 0.3314276639669683,
      "ndcg@3": 0.9206733432825196,
      "precision@5": 0.25,
      "ndcg@5": 0.9231355246531154
    }
  },
  "validation": {
    "classification": {
      "accuracy": 0.8083333333333333,
      "precision": 0.5916230366492147,
      "recall": 0.7533333333333333,
      "f1": 0.6627565982404692,
      "auroc": 0.8684781893004115
    },
    "ranking": {
      "mrr": 0.8524074074074075,
      "precision@1": 0.7377777777777778,
      "ndcg@1": 0.7377777777777778,
      "precision@3": 0.32518518518518513,
      "ndcg@3": 0.8796521122936559,
      "precision@5": 0.25,
      "ndcg@5": 0.8901797614910055
    }
  },
  "test": {
    "classification": {
      "accuracy": 0.8176274944567627,
      "precision": 0.6055363321799307,
      "recall": 0.7760532150776053,
      "f1": 0.6802721088435374,
      "auroc": 0.8782864063270749
    },
    "ranking": {
      "mrr": 0.8553215077605322,
      "precision@1": 0.7494456762749445,
      "ndcg@1": 0.7494456762749445,
      "precision@3": 0.3252032520325204,
      "ndcg@3": 0.8816881679284173,
      "precision@5": 0.25,
      "ndcg@5": 0.8921924742228904
    }
  },
  "params": {
    "objective": "binary:logistic",
    "eval_metric": "auc",
    "max_depth": 6,
    "learning_rate": 0.1,
    "n_estimators": 100,
    "min_child_weight": 1,
    "subsample": 0.9,
    "colsample_bytree": 0.7,
    "scale_pos_weight": 3,
    "random_state": 42,
    "n_jobs": -1
  }
}