{
  "semantic": {
    "mrr": 0.8477457501847746,
    "precision@1": 0.7339246119733924,
    "ndcg@1": 0.7339246119733924,
    "precision@3": 0.32446415373244636,
    "ndcg@3": 0.8751414673265806,
    "precision@5": 0.25,
    "ndcg@5": 0.8866007105569149
  },
  "bm25": {
    "mrr": 0.5772357723577235,
    "precision@1": 0.3392461197339246,
    "ndcg@1": 0.3392461197339246,
    "precision@3": 0.2564671101256467,
    "ndcg@3": 0.5833547125435604,
    "precision@5": 0.25,
    "ndcg@5": 0.6826681538731234
  },
  "tfidf": {
    "mrr": 0.5777900960827791,
    "precision@1": 0.3392461197339246,
    "ndcg@1": 0.3392461197339246,
    "precision@3": 0.2572062084257206,
    "ndcg@3": 0.5847536698685526,
    "precision@5": 0.25,
    "ndcg@5": 0.6831121742622543
  }
}