{
  "top_k": 3,
  "semantic": {
    "mrr": 0.8410938654841095,
    "precision@1": 0.7339246119733924,
    "ndcg@1": 0.7339246119733924,
    "precision@3": 0.32446415373244636,
    "ndcg@3": 0.8751414673265806,
    "precision@5": 0.32446415373244636,
    "ndcg@5": 0.8751414673265806
  },
  "bm25": {
    "mrr": 0.4759793052475979,
    "precision@1": 0.29711751662971175,
    "ndcg@1": 0.29711751662971175,
    "precision@3": 0.24390243902439024,
    "ndcg@3": 0.5411209253405191,
    "precision@5": 0.24390243902439024,
    "ndcg@5": 0.5411209253405191
  },
  "tfidf": {
    "mrr": 0.4774575018477457,
    "precision@1": 0.29933481152993346,
    "ndcg@1": 0.29933481152993346,
    "precision@3": 0.24390243902439024,
    "ndcg@3": 0.54222957279063,
    "precision@5": 0.24390243902439024,
    "ndcg@5": 0.54222957279063
  }
}